id,type,cercle_name,file_name,editer,comment
01,LL,にさんがろく,nisangaroku,みやまき,<detail=><d-tw=>https://twitter.com/_miyamaki_<d><d-ml=>https://www.melonbooks.co.jp/circle/index.php?circle_id=14054<d><d-hp=>http://nisanga
02,LL,ココです。,kokodesu,あｓ,
03,LL,徒歩二分,tohonihun,茶戸,
04,LL,てりやき茶房,teriyakisabou,伊久間さつき,
05,LL,ドンシモン,donsimon,まがみん,
06,LL,ぺろり飯。,PeroriMeshi,にぎりめし,
07,LL,SHAMROCK,shamrock,おぎ,
08,LL,gaton.,gaton,もけ,
09,LL,和食で肉,washokudeniku,黒毛和牛,
10,LL,みやこ時計,miyakodokei,ミヤコヒト,
11,LL,ぷるぷる卵豆腐,purupurutamagodouhu,わたげもどき,
12,LL,謀ったなコワッパーズ,HakattanaKowappaazu,平光浅葱,
13,LL,GENOCIDEKISS,genocidekiss,上田夢人,
14,LL,美彩'd,miayad,風華チルヲ,
15,LL,ストラトスフィア,stratosphere,ウルツ,
16,LL,ユキノヒトヒラ,yukinohitohira,tMnR,
17,LL,float*,float,はづき,
18,LL,クチビルテリブル,kutibiruteriburu,九千ビノレ,
19,LL,ベビーカステラ,babykasutera,たこちゃん,
20,LL,TAROTS,tarots,澤野明,
21,LL,ちぐはぐメトロノーム,tiguhagumetronome,すいと,
22,LL,Do well !!!,dowell,ながれぼし,
23,LL,furry kitty,furrykitty,えねこ, 
24,LL,じゅうぶんのさん。,zyuubunnosan,やナい, 
25,LL,回転キカン,kaitenkikan,りた, 
26,LL,くみちょうBOX,kumichoubox,くみちょう,<detail=><d-tw>https://twitter.com/kumichooooo<d><d-ml>https://www.melonbooks.co.jp/circle/index.php?circle_id=11572
27,BD,とばちゃづけ,tobatyaduke,みそ茶, 
28,BD,LETRA,letra,滝太郎, 
29,BD,poisonstew,poisonstew,베닌(ベニン),<detail=><d-tw=>https://twitter.com/poisonstew<d><d-hp=>https://poisonstew.postype.com/
30,BD,しょぼコン,syobokon,きたむらとおる,<detail=><d-ml=>https://www.melonbooks.co.jp/circle/index.php?circle_id=12533
31,BD,くみちょうBOX,kumichoubox,くみちょう,<detail=><d-tw=>https://twitter.com/kumichooooo<d><d-ml=>https://www.melonbooks.co.jp/circle/index.php?circle_id=11572
32,BD,びびっどサンダー,vividthunder,ズミクニ,<detail=><d-ml=>https://www.melonbooks.co.jp/circle/index.php?circle_id=24253<d><d-hp=>http://vividthunder.kitunebi.com/index.html
33,BD,カミナリサマ,kaminarisama,熊本愛知,<detail=><d-tw=>https://twitter.com/kumamotoaichi<d><d-ml=>https://www.melonbooks.co.jp/circle/index.php?circle_id=28851
34,BD,君の友達。,kiminotomodachi,凪空りく,<detail=><d-tw=>https://twitter.com/kimino107<d><d-ml=>https://www.melonbooks.co.jp/circle/index.php?circle_id=6730
35,BD,POCHI,pochi,ズミクニ,<detail=><d-tw=>https://twitter.com/rak_gaki_riku<d><d-ml=>https://www.melonbooks.co.jp/circle/index.php?circle_id=6730
36,BD,カゲ路,kagero,唯野影吉,<detail=><d-tw=>https://twitter.com/tadanoakuta?lang=ja<d><d-ml=>https://www.melonbooks.co.jp/circle/index.php?circle_id=11086